acrowhurst0,Ashly,Crowhurst,1936-12-24
mdoggrell1,Maria,Doggrell,1971-01-30
sdeakes2,Slade,Deakes,1973-01-13
awildman3,Aldus,Wildman,1913-07-20
kblaes4,Kelwin,Blaes,1965-06-16
pdeniske5,Phaidra,Deniske,1974-06-29
bmargeram6,Byrann,Margeram,1904-12-13
cminster7,Callean,Minster,1934-06-15
gyitzovicz8,Giavani,Yitzovicz,1987-02-02
gheaney9,Gordon,Heaney,1995-06-26
mprescota,Meredeth,Prescot,1939-11-29
ldeggb,Luella,Degg,1933-02-18
nmatevushevc,Norry,Matevushev,1992-10-25
bmonetid,Bartholomew,Moneti,1946-07-26
showitte,Sheelagh,Howitt,1932-10-28
imacieiczykf,Ileana,Macieiczyk,1954-01-25
kwhereatg,Katinka,Whereat,1936-10-17
cmilesaph,Cleve,Milesap,1956-08-01
kcrombiei,Klement,Crombie,1983-03-15
hdundendalej,Hollis,Dundendale,1955-08-03
mrickcordk,Marillin,Rickcord,1920-04-25
tfeasleyl,Tammi,Feasley,1928-10-19
obolliverm,Onofredo,Bolliver,1911-01-12
dgainsburghn,Dalli,Gainsburgh,1903-03-25
hwillgooseo,Hildegarde,Willgoose,1950-08-23
tshergoldp,Tobiah,Shergold,2010-03-31
pmcclarenceq,Peterus,McClarence,2012-09-12
zlathayer,Zack,Lathaye,2006-11-02
cfrancellos,Cameron,Francello,1992-12-10
sspaughtont,Sayres,Spaughton,2001-06-06
skrugmannu,Seumas,Krugmann,1982-01-23
bpookev,Burty,Pooke,2018-11-16
msmallbonew,Madonna,Smallbone,1901-07-22
bsylettx,Britte,Sylett,1909-04-06
bmassony,Barn,Masson,1982-10-26
mkeesz,Magdalena,Kees,1969-04-11
rbootman10,Rikki,Bootman,1953-04-20
bfulkes11,Becky,Fulkes,1959-04-22
bpetrolli12,Barri,Petrolli,2018-11-16
mkemitt13,Maegan,Kemitt,1922-01-06
cbasnall14,Carin,Basnall,1981-02-14
amacconnechie15,Allyn,MacConnechie,1902-01-04
ibennallck16,Inigo,Bennallck,1966-04-19
nnissle17,Nita,Nissle,1974-11-23
fchasteney18,Farlee,Chasteney,1967-04-02
kterrans19,Katti,Terrans,1918-03-06
lkingzeth1a,Lauraine,Kingzeth,2016-10-17
nkeesman1b,Nahum,Keesman,1959-09-22
stett1c,Sheilakathryn,Tett,1943-08-02
ddrawmer1d,Dud,Drawmer,1967-02-10
brumble1e,Bunnie,Rumble,1904-05-18
wlaunchbury1f,Winslow,Launchbury,1903-12-18
nkevern1g,Nikos,Kevern,1943-08-11
farton1h,Fitzgerald,Arton,1921-04-20
baberhart1i,Bondon,Aberhart,1902-09-23
kswannick1j,Kent,Swannick,1915-12-19
mgilbey1k,Melisent,Gilbey,1954-01-14
gjumel1l,Gearard,Jumel,1928-08-16
dilyin1m,Devy,Ilyin,2015-11-19
cberardt1n,Carling,Berardt,1923-06-16
phartil1o,Paulette,Hartil,1976-01-13
lterbeck1p,Leelah,Terbeck,1963-11-05
tplumley1q,Tiebold,Plumley,1934-10-24
cgrimm1r,Cicely,Grimm,1942-01-09
tdanford1s,Teodorico,Danford,1916-07-25
hsibbald1t,Hewe,Sibbald,1934-07-27
rplummer1u,Ramonda,Plummer,1912-04-23
kdoyley1v,Kylie,D'Oyley,1962-03-30
eattril1w,Eduard,Attril,1941-03-08
vtodaro1x,Vi,Todaro,2000-06-05
human1y,Heinrick,Uman,2002-07-08
bboothroyd1z,Brant,Boothroyd,1908-01-14
rrapier20,Roseanne,Rapier,1928-11-17
rmarchent21,Rod,Marchent,1964-03-31
hlunnon22,Hanan,Lunnon,1961-06-07
grubartelli23,Guntar,Rubartelli,1921-02-21
rshade24,Ruperto,Shade,1996-12-09
amackerness25,Archie,Mackerness,1939-03-11
clawey26,Cully,Lawey,2007-10-05
sjosham27,Sarina,Josham,1920-09-14
kfranklyn28,Kipper,Franklyn,1987-02-28
lmcilrath29,Lynnelle,McIlrath,1958-07-18
gewbanck2a,Gallard,Ewbanck,1919-12-25
adoone2b,Andria,Doone,2007-09-12
jbroxis2c,Jessey,Broxis,1963-06-11
dcaustic2d,Demeter,Caustic,1912-01-25
jjaulmes2e,Jarred,Jaulmes,1959-04-07
fspittles2f,Fanny,Spittles,2006-09-30
bdoge2g,Brewer,Doge,1901-01-31
jbrea2h,Joscelin,Brea,1967-05-29
jdymick2i,Janine,Dymick,1906-01-22
lbelfitt2j,Layne,Belfitt,1910-03-26
gblissitt2k,Gabie,Blissitt,1939-04-06
asheringham2l,Alessandro,Sheringham,1920-10-21
phalms2m,Pyotr,Halms,1916-09-24
rshalloe2n,Rriocard,Shalloe,1950-04-06
awardhough2o,Archaimbaud,Wardhough,1997-01-08
sgurnay2p,Skell,Gurnay,1996-11-09
hmacgowing2q,Hermy,MacGowing,1914-12-13
dthomton2r,Dania,Thomton,2017-11-25
oparlott2s,Odelle,Parlott,1913-04-03
psonger2t,Prudence,Songer,1966-04-05
cleprovost2u,Cody,Le Provost,1974-02-18
bhousbie2v,Benedict,Housbie,1944-02-27
rbroster2w,Rafa,Broster,1994-03-27
wdebrett2x,Wilt,De Brett,1905-04-16
chickin2y,Christye,Hickin,1998-09-08
rstringer2z,Reggie,Stringer,1916-10-31
scambden30,Sorcha,Cambden,1972-12-12
dupstell31,Danita,Upstell,1945-10-07
bmercey32,Brandyn,Mercey,1978-09-16
backred33,Brigid,Ackred,1951-01-15
trebillard34,Thorstein,Rebillard,1956-06-06
gdaubeny35,Gaultiero,Daubeny,2018-05-13
lmaso36,Lorette,Maso,1913-01-29
bdimanche37,Buckie,Dimanche,1984-12-18
msnoxall38,Minna,Snoxall,1975-08-06
ukesper39,Udell,Kesper,1930-10-31
amaccart3a,Anatola,MacCart,2005-06-14
jbartrum3b,Jacob,Bartrum,1946-01-05
mgoodliff3c,Mariette,Goodliff,1907-11-25
pkibblewhite3d,Putnam,Kibblewhite,1924-09-11
fwilkennson3e,Freeland,Wilkennson,1998-02-20
lkienl3f,Lara,Kienl,2001-06-28
raberdalgy3g,Rollo,Aberdalgy,1959-09-09
mreddyhoff3h,Mavis,Reddyhoff,2011-11-09
rbachmann3i,Robinson,Bachmann,1959-02-25
pparish3j,Peria,Parish,2002-05-15
cfleisch3k,Caesar,Fleisch,1917-03-05
lposnett3l,Louie,Posnett,1971-11-04
npardon3m,Normie,Pardon,1981-03-16
igibberd3n,Isaak,Gibberd,2002-04-25
aablott3o,Arte,Ablott,1911-08-26
dbruckman3p,Demetris,Bruckman,1943-10-13
mluckcuck3q,Mignon,Luckcuck,1923-06-26
bcabera3r,Baudoin,Cabera,1914-03-20
ccurtayne3s,Crissie,Curtayne,1954-04-22
sskippon3t,Sherlocke,Skippon,1922-11-24
mfranscioni3u,Marybelle,Franscioni,1909-07-20
chigginbottam3v,Charmane,Higginbottam,1906-02-11
adefries3w,Austin,Defries,1971-01-02
coquirk3x,Cecilio,O' Quirk,1964-04-29
chasslocher3y,Cornie,Hasslocher,1940-07-06
jridgeway3z,Joane,Ridgeway,1997-08-06
dlosebie40,Dani,Losebie,1935-04-15
fbruckmann41,Fan,Bruckmann,1927-10-24
hbartolijn42,Hilary,Bartolijn,1902-01-28
hleward43,Hughie,Leward,1945-06-13
uginnell44,Ulick,Ginnell,2008-12-17
mzorzin45,Madeline,Zorzin,1957-01-10
lfoston46,Lionel,Foston,1932-06-22
bdyster47,Brittany,Dyster,2000-10-16
tbewsey48,Torey,Bewsey,1929-10-16
bbrannigan49,Brendan,Brannigan,2010-06-19
rwinterbottom4a,Ring,Winterbottom,1938-08-25
psibson4b,Pamelina,Sibson,1924-05-30
nholyard4c,Nady,Holyard,1998-11-14
pmckinna4d,Peyton,McKinna,1988-03-25
atrask4e,Amelie,Trask,1921-09-12
mselkirk4f,Melva,Selkirk,1974-05-15
ptitcombe4g,Penny,Titcombe,2008-01-26
rdressel4h,Rollo,Dressel,1957-01-05
hcopas4i,Harlen,Copas,1988-02-10
dweinmann4j,Darcy,Weinmann,1956-05-14
jbare4k,Jere,Bare,1922-05-08
amabbett4l,Aguistin,Mabbett,1970-08-28
nivanaev4m,Norby,Ivanaev,2009-08-13
ohunn4n,Odele,Hunn,1994-07-31
dblues4o,Dory,Blues,1906-12-16
tbastian4p,Tamara,Bastian,1974-04-19
mnevett4q,Margret,Nevett,1970-02-04
prowatt4r,Pierrette,Rowatt,1920-01-31
gchetwynd4s,Griff,Chetwynd,1981-10-14
panderer4t,Percival,Anderer,1966-07-02
astormont4u,Ardis,Stormont,1958-12-11
bframe4v,Baudoin,Frame,1997-07-13
dpackington4w,Drake,Packington,1970-11-18
lkraft4x,Loralie,Kraft,1930-12-03
sgillhespy4y,Skelly,Gillhespy,1941-12-23
descoffier4z,Denys,Escoffier,1993-01-03
ksugarman50,Kippie,Sugarman,1912-03-01
cscollan51,Cobb,Scollan,2005-11-10
bmatthai52,Boone,Matthai,2003-02-05
bhamil53,Bonnibelle,Hamil,2006-05-26
fgrafton54,Fae,Grafton,1937-01-12
jmackrill55,Jamaal,Mackrill,1960-01-24
sdabourne56,Sandie,Dabourne,1941-03-03
okeigher57,Onida,Keigher,1964-11-09
cnealey58,Cathrine,Nealey,2013-06-09
mjosefsson59,Mattias,Josefsson,1911-04-23
helen5a,Hagen,Elen,1942-07-21
tdodgshun5b,Tyler,Dodgshun,1904-08-02
djeckells5c,Deane,Jeckells,2014-08-16
tdakin5d,Tamarra,Dakin,1990-06-03
ebalazin5e,Evy,Balazin,1905-11-28
ggillmore5f,Gannie,Gillmore,1952-05-18
rraiment5g,Rodrique,Raiment,1985-12-17
obryenton5h,Olly,Bryenton,1929-10-13
bgounel5i,Bryanty,Gounel,1983-09-08
cgorger5j,Cash,Gorger,1933-04-16
ltaylor5k,Lizzy,Taylor,1910-01-28
lkrolik5l,Laura,Krolik,1919-11-15
rtunkin5m,Rufus,Tunkin,1912-12-07
psketcher5n,Patience,Sketcher,1951-03-26
ekanter5o,Eveline,Kanter,1975-04-15
abende5p,Antonietta,Bende,1978-05-19
mmellodey5q,Mannie,Mellodey,2015-12-11
dratcliffe5r,Diena,Ratcliffe,1945-04-21
ohearnaman5s,Oswald,Hearnaman,1948-03-26
hwagge5t,Henrietta,Wagge,1938-10-05
mothen5u,Marquita,Othen,1914-07-02
dmccloughlin5v,Domenico,McCloughlin,1964-06-18
besposi5w,Birch,Esposi,2000-02-05
leccles5x,Lita,Eccles,1976-06-22
tdegliantoni5y,Tami,Degli Antoni,2017-06-07
rstolting5z,Rowe,Stolting,1962-02-03
leste60,Linea,Este,1976-07-19
yrivilis61,Yehudit,Rivilis,1910-08-07
jaddenbrooke62,Jorry,Addenbrooke,1918-10-09
pkubes63,Pooh,Kubes,2017-03-19
ayegorov64,Anabal,Yegorov,1916-08-02
sdebill65,Shina,Debill,2013-11-07
hbeautyman66,Humfrid,Beautyman,1931-01-01
mdrabble67,Midge,Drabble,1999-07-21
llawrence68,Lisette,Lawrence,1971-11-19
dwesgate69,Debee,Wesgate,2015-11-25
fstaziker6a,Floyd,Staziker,1970-11-09
mmarxsen6b,Mark,Marxsen,1942-01-21
sness6c,Salomo,Ness,1917-08-20
jpursey6d,Juditha,Pursey,1958-01-19
hsammut6e,Hiram,Sammut,1953-08-31
cgethyn6f,Chickie,Gethyn,1915-04-04
amatanin6g,Archibaldo,Matanin,1908-01-30
isturgis6h,Ivie,Sturgis,2001-04-26
lseamon6i,Lisabeth,Seamon,1937-04-18
rarbuckel6j,Raynard,Arbuckel,1951-01-13
pstrasse6k,Pippa,Strasse,1922-01-04
mserman6l,Milton,Serman,1979-08-23
jpember6m,Julietta,Pember,1993-12-15
iportal6n,Ira,Portal,1916-11-26
ebocke6o,Elfie,Bocke,2012-11-19
bmarzella6p,Bobine,Marzella,1905-08-24
egillivrie6q,Egbert,Gillivrie,1947-03-29
fbraganca6r,Filip,Braganca,2011-01-12
rglassopp6s,Roberto,Glassopp,1914-10-08
rwheelwright6t,Rancell,Wheelwright,2011-03-01
dcarson6u,Doralynn,Carson,1957-12-16
psandercock6v,Pearle,Sandercock,1905-12-25
ecoller6w,Evelyn,Coller,2016-12-17
jhayle6x,Jeanette,Hayle,1959-11-11
bduiguid6y,Brynna,Duiguid,1955-01-24
gthompstone6z,Gamaliel,Thompstone,2001-04-16
mfrensche70,Mercy,Frensche,1918-10-01
jeuler71,Jaime,Euler,1940-12-21
hnias72,Hermie,Nias,1967-02-06
ggowanlock73,Garrard,Gowanlock,1937-11-30
acoughlan74,Alexei,Coughlan,1921-01-01
vpaule75,Vivyanne,Paule,1977-09-10
mdurkin76,Melicent,Durkin,1907-04-30
mconkay77,Manya,Conkay,1909-05-21
wladdle78,Wait,Laddle,1946-08-21
nbleakman79,Nelson,Bleakman,1920-11-16
fshackesby7a,Franky,Shackesby,1962-04-14
rgoulborne7b,Rorke,Goulborne,1938-05-29
mmcclenan7c,Missy,McClenan,1971-03-31
fbissett7d,Ferdinande,Bissett,1962-11-15
ajanjic7e,Ashlan,Janjic,1968-09-24
kpickton7f,Kerry,Pickton,1963-06-10
smccomiskie7g,Solly,McComiskie,1987-05-20
crihanek7h,Chance,Rihanek,2001-07-24
mduran7i,Minne,Duran,1921-05-21
fabrey7j,Fabiano,Abrey,1927-10-15
mnoore7k,Marris,Noore,1964-05-14
rspillane7l,Rosalyn,Spillane,1957-06-29
yrousell7m,Yurik,Rousell,1983-10-13
rvolkes7n,Rosy,Volkes,1986-05-23
afellos7o,Alaster,Fellos,1975-11-05
aromao7p,Artemis,Romao,1928-04-25
astockey7q,Arlana,Stockey,1933-07-04
kcaverhill7r,Kerry,Caverhill,1997-08-26
ldosedale7s,Lissie,Dosedale,1989-12-02
cgoodlake7t,Connor,Goodlake,2011-09-05
mtinkham7u,Margarette,Tinkham,1966-05-06
shofler7v,Salem,Hofler,2003-01-17
pmaypole7w,Pavla,Maypole,2011-02-23
amatzl7x,Abeu,Matzl,1997-01-31
dbiggadike7y,Douglass,Biggadike,1946-11-20
mbleaden7z,Mitch,Bleaden,1955-05-20
adurnian80,Augustus,Durnian,1927-04-15
elebrom81,Erasmus,Le Brom,1964-01-23
lhlavecek82,Ludwig,Hlavecek,1939-12-26
ahairesnape83,Arlee,Hairesnape,1958-10-21
oandren84,Obie,Andren,1909-03-30
ccometson85,Cecilius,Cometson,1976-04-25
djustis86,Dell,Justis,2012-12-21
rlefeuvre87,Ransom,Lefeuvre,1938-10-01
bbagnold88,Bendite,Bagnold,1968-12-29
mscholer89,Marlon,Scholer,1948-05-13
gtrude8a,Gabriello,Trude,2008-10-15
nscotchbrook8b,Nichol,Scotchbrook,1907-08-16
tkinghorn8c,Trevar,Kinghorn,2014-06-19
gmckeaney8d,Georgianne,McKeaney,2003-07-30
ebatalini8e,Edwina,Batalini,2016-06-11
bklagges8f,Betty,Klagges,1960-01-16
mskillington8g,Mickey,Skillington,1929-02-23
mrayman8h,Meyer,Rayman,2009-03-07
rsowter8i,Robby,Sowter,1925-07-16
ybazeley8j,Yulma,Bazeley,1971-06-15
choundesome8k,Constancia,Houndesome,1924-02-18
wblatchford8l,Wilt,Blatchford,1953-01-19
rrathborne8m,Rozella,Rathborne,1910-12-30
cgawen8n,Cacilie,Gawen,2006-04-24
nkoop8o,Niki,Koop,1961-01-24
ptankus8p,Philippine,Tankus,1981-02-01
mhimpson8q,Modesta,Himpson,1989-09-12
bkrishtopaittis8r,Booth,Krishtopaittis,2004-11-17
hgullis8s,Henryetta,Gullis,1911-11-25
dmelan8t,Dionne,Melan,1969-09-29
rhuegett8u,Regina,Huegett,1960-09-02
tcassar8v,Tait,Cassar,2017-09-06
ebenettolo8w,Everett,Benettolo,1910-03-30
rhartop8x,Rahel,Hartop,1987-12-19
ccafferky8y,Collette,Cafferky,1976-12-11
cpavolillo8z,Chaunce,Pavolillo,1956-06-09
ebubb90,Ellyn,Bubb,1962-06-03
bsharper91,Burl,Sharper,1976-02-22
jbarff92,Justus,Barff,1961-09-13
kmacgorman93,Karlie,MacGorman,1927-09-05
thallworth94,Thomasina,Hallworth,1923-12-22
mbyfford95,Meier,Byfford,2014-06-11
tmould96,Tate,Mould,1944-11-04
lstobbe97,Lulu,Stobbe,1929-11-16
cchoulerton98,Conan,Choulerton,1902-02-26
danneslie99,Dalston,Anneslie,1966-06-15
cbroadfoot9a,Chelsea,Broadfoot,1912-04-18
dlowden9b,Daisie,Lowden,2005-02-03
dardern9c,Dominik,Ardern,1937-08-22
gpimblotte9d,Gordan,Pimblotte,1961-05-22
gspurryer9e,Gerhardt,Spurryer,1992-07-05
sedworthy9f,Suzi,Edworthy,1948-02-27
nruoff9g,Nico,Ruoff,1956-01-21
akuscha9h,Aurelia,Kuscha,1941-10-23
thubbold9i,Tania,Hubbold,1981-07-29
sbeevers9j,Sheilah,Beevers,1912-11-18
celfleet9k,Carolina,Elfleet,2009-02-18
jcomizzoli9l,Jacquie,Comizzoli,2009-09-23
mtreharne9m,Michelle,Treharne,1938-12-21
crosel9n,Charley,Rosel,1994-10-25
lbrusby9o,Lloyd,Brusby,2014-09-11
rtendahl9p,Rheba,Tendahl,1915-07-21
scaush9q,Star,Caush,1901-03-16
eyouel9r,Eileen,Youel,1915-03-01
bhamley9s,Bambi,Hamley,1936-01-20
myukhnini9t,Mikey,Yukhnini,1971-07-06
rbrelsford9u,Raina,Brelsford,2007-08-15
zvurley9v,Zorah,Vurley,1957-09-03
elaurenty9w,Esteban,Laurenty,1939-10-27
lgawthorpe9x,Lancelot,Gawthorpe,1904-08-08
svosse9y,Sula,Vosse,2004-05-08
dlevermore9z,Demetre,Levermore,1961-06-20
jstubbingsa0,Jo,Stubbings,1926-06-12
emoakesa1,Evyn,Moakes,1922-04-23
kmongina2,Kendall,Mongin,1917-05-11
lkeesea3,Loren,Keese,1918-11-05
fcatheralla4,Frederich,Catherall,1969-11-28
tnuttona5,Trix,Nutton,2012-10-26
bhansarda6,Budd,Hansard,1970-11-15
ystathersa7,Yoshiko,Stathers,1908-04-26
hdurna8,Haskel,Durn,1913-06-26
mjeakinsa9,Morly,Jeakins,2005-12-17
sphilippouaa,Suzanne,Philippou,1964-10-01
upinkertonab,Udale,Pinkerton,2012-09-29
awraithac,Adrea,Wraith,1999-08-18
equidenhamad,Erminia,Quidenham,1995-01-26
sfribergae,Sal,Friberg,1940-06-28
vbaynhamaf,Valma,Baynham,1994-10-04
hsaffranag,Hank,Saffran,1916-07-16
mbolterah,Marjy,Bolter,1955-07-08
relsomai,Ralf,Elsom,1962-06-11
ajosefaj,Anton,Josef,1969-11-26
rhollindaleak,Rriocard,Hollindale,1952-02-29
dwrightamal,Dave,Wrightam,1963-03-14
lguillotam,Lona,Guillot,1910-03-19
scumberlandan,Sher,Cumberland,1905-02-02
wmcterlaghao,Waverly,McTerlagh,2017-10-26
lyakovap,Leanna,Yakov,1966-08-05
jwimpressaq,Jaimie,Wimpress,1973-04-15
aoldlandar,Algernon,Oldland,1955-09-09
pducarneas,Pansy,Ducarne,1962-03-15
nsimysonat,Noemi,Simyson,1974-08-23
cmiddletonau,Carlina,Middleton,1952-04-14
hfifootav,Heywood,Fifoot,1925-04-14
hbriaraw,Hildegarde,Briar,1936-07-27
hmurneyax,Helaine,Murney,2012-04-03
tbernardesay,Timothy,Bernardes,1959-09-17
rbrehataz,Rawley,Brehat,1953-03-14
jclareb0,Judye,Clare,1974-07-13
drizzellib1,Davy,Rizzelli,2002-03-02
rroyansb2,Rosalinde,Royans,1965-07-16
dsweetsurb3,Dulcinea,Sweetsur,1970-01-21
ebardellb4,Ernestine,Bardell,1918-12-02
salbenb5,Stefano,Alben,1934-03-17
ghodginb6,Grannie,Hodgin,1957-11-05
sworsfieldb7,Sly,Worsfield,2009-09-29
dbenittib8,Der,Benitti,1960-03-26
ddunb9,Derward,Dun,1988-05-13
kmcterrellyba,Kylie,McTerrelly,2007-02-05
ckalewebb,Clayson,Kalewe,2009-03-12
veichelerbc,Valry,Eicheler,1932-06-24
bgougebd,Brunhilda,Gouge,1941-01-14
gkilmartinbe,Gabbi,Kilmartin,1999-05-16
vhopfnerbf,Verene,Hopfner,1926-02-03
gbelwardbg,Gardener,Belward,1981-10-19
dgerrensbh,Desiri,Gerrens,1902-09-03
fvictoriabi,Felice,Victoria,1943-01-30
gonthankbj,Gris,Onthank,1918-07-14
gstoyellbk,Gnni,Stoyell,1999-09-26
rjonkebl,Rossie,Jonke,1971-08-06
bgutersonbm,Benni,Guterson,1993-04-12
tbruntjebn,Thekla,Bruntje,1930-07-22
mbenninckbo,Moss,Benninck,1939-09-18
ojahnckebp,Orella,Jahncke,1963-09-13
fgodboltbq,Falito,Godbolt,1937-07-02
nyakebovichbr,Nessie,Yakebovich,1930-08-22
ddauneybs,Deni,Dauney,1990-10-17
paristidebt,Priscella,Aristide,1994-04-02
smacgeaneybu,Shea,Mac Geaney,1957-09-25
ohulburdbv,Oran,Hulburd,1920-07-18
crawlisonbw,Christean,Rawlison,1910-02-28
jfolksbx,Jocelin,Folks,2000-02-18
agroartyby,Ariela,Groarty,1989-10-04
lcollymorebz,Lennie,Collymore,1921-03-26
osimminsc0,Obie,Simmins,2008-01-24
gtommasettic1,Georgianne,Tommasetti,1994-08-20
fwyleyc2,Ferdy,Wyley,1998-03-29
dharbottlec3,Debbi,Harbottle,1981-08-11
bdaleyc4,Barb,Daley,2012-08-11
lslorancec5,Lyndsie,Slorance,1969-09-13
mboldenc6,Marlyn,Bolden,1919-11-19
cgrottyc7,Clarisse,Grotty,1960-11-13
bscainc8,Bessie,Scain,1989-07-25
mtallmanc9,Missie,Tallman,2014-10-10
sgulstonca,Saleem,Gulston,1965-02-25
eburnescb,Edythe,Burnes,1918-10-30
othrelkeldcc,Ollie,Threlkeld,1983-04-04
jsillimancd,Johanna,Silliman,1936-03-11
nwoodmance,Noelani,Woodman,1999-08-30
mpinncf,Morgan,Pinn,1993-10-28
iucchinocg,Ida,Ucchino,1953-04-27
gkeppych,Goldie,Keppy,1922-08-27
mredihoughci,Milo,Redihough,1959-06-28
dgorckecj,Dannie,Gorcke,2001-06-09
cballeineck,Caz,Balleine,1950-01-25
dhankeycl,Duky,Hankey,1998-10-01
ddeekescm,Darnell,Deekes,1904-08-10
fivantsovcn,Forster,Ivantsov,1991-07-15
mleghornco,Mitchael,Leghorn,1942-09-22
cethertoncp,Carmelita,Etherton,1932-08-17
wchallenercq,Winfield,Challener,2000-07-31
drizzellocr,Davita,Rizzello,1985-12-01
sheldcs,Sully,Held,2008-04-24
dconiberect,Darcey,Conibere,1902-08-06
zsuthworthcu,Zorina,Suthworth,1998-09-08
bneubigincv,Bendick,Neubigin,1922-09-16
lgosalvezcw,Lodovico,Gosalvez,1922-08-20
dleebettercx,Delmar,Leebetter,1969-04-26
amcvanamycy,Alvie,McVanamy,1958-05-03
sbellenycz,Shelley,Belleny,1910-07-09
medisd0,Meredith,Edis,1902-01-02
nkippinsd1,Nickey,Kippins,1982-11-13
megertond2,Mersey,Egerton,1989-05-31
ggostlingd3,Gian,Gostling,1920-09-10
bmcardelld4,Boone,McArdell,1972-05-02
tweddeburnd5,Tessie,Weddeburn,1920-06-08
rmaccrossond6,Reine,MacCrosson,1989-07-28
rmudled7,Rivalee,Mudle,1992-05-30
tmcdilld8,Tiffany,McDill,1930-03-02
vgerritzend9,Verla,Gerritzen,2006-01-07
jdurhamda,Johny,Durham,1917-10-01
lkeetsdb,Lurline,Keets,1957-07-09
ldarkinsdc,Leeann,Darkins,2018-05-10
kcadlockdd,Kalila,Cadlock,2008-03-26
nmechande,Nicolais,Mechan,1926-07-22
chaselupdf,Carolee,Haselup,1907-03-12
tgopsalldg,Tove,Gopsall,1945-11-08
tfustdh,Tara,Fust,1979-06-28
sumneydi,Silvanus,Umney,1934-11-10
tpetworthdj,Tobiah,Petworth,1999-01-01
pridsdaledk,Peter,Ridsdale,1973-11-26
lgoforddl,Laetitia,Goford,1939-08-07
ojoskadm,Odo,Joska,1910-01-09
hbrimblecombedn,Haley,Brimblecombe,1926-10-20
corsdo,Cherry,Ors,1990-12-23
lcoburndp,Lenore,Coburn,1982-10-30
ntapselldq,Nobie,Tapsell,1993-10-01
leliazdr,Lusa,Eliaz,1949-05-13
ccutmereds,Charity,Cutmere,1969-01-21
joloughanedt,Jerome,O'Loughane,1966-01-16
nvigerdu,Northrup,Viger,1945-09-02
bnaseydv,Boris,Nasey,1944-01-19
cchinnockdw,Candice,Chinnock,1901-01-28
amordantidx,Angelo,Mordanti,1942-10-28
eorrisdy,Emily,Orris,1923-01-29
fughinidz,Fee,Ughini,1946-12-13
nlecornue0,Natalee,Le Cornu,2014-03-02
fhartille1,Felicity,Hartill,1990-04-21
yondrae2,Yelena,Ondra,1972-08-24
smowsone3,Skippy,Mowson,1930-02-11
jciobutarue4,Jodie,Ciobutaru,1951-01-29
gcriage5,Guthrey,Criag,1935-06-09
phackeltone6,Paul,Hackelton,1944-05-22
swillsheree7,Stern,Willshere,2007-09-18
bdysone8,Bernie,Dyson,1926-10-01
njordone9,Nye,Jordon,1944-06-28
lgingleea,Levy,Gingle,1972-10-06
mgiacomazzoeb,Mallory,Giacomazzo,1954-09-14
bhassettec,Broderick,Hassett,1962-10-11
ebalcombeed,Elke,Balcombe,2000-02-27
ztaudevinee,Zahara,Taudevin,1981-08-16
olivingstoneef,Orlando,Livingstone,1940-07-27
glorieeg,Gigi,Lorie,1963-06-26
lwaplingtoneh,Lindsy,Waplington,1901-11-11
xmableyei,Xever,Mabley,2002-04-05
gmerrileesej,Georgeanne,Merrilees,2002-06-08
alippielloek,August,Lippiello,1923-03-22
amcneillieel,Abigail,McNeillie,1975-07-10
cgarwillem,Cordelia,Garwill,1958-05-24
cwyseen,Codi,Wyse,1921-11-13
smaxworthyeo,Sharona,Maxworthy,1999-02-03
amelchiorep,Allin,Melchior,1926-06-25
fbolaneq,Francis,Bolan,1968-01-27
jgianielloer,Julio,Gianiello,2007-04-10
dgigges,Doy,Gigg,1925-06-15
dbraneet,Deeann,Brane,2003-07-24
kjanikeu,Kerby,Janik,1962-06-14
jkubekev,Joana,Kubek,1980-05-01
eyacobsohnew,Engelbert,Yacobsohn,1914-07-17
jkitterex,Jakie,Kitter,1971-01-02
gwingfieldey,Gayle,Wingfield,2005-07-01
hbillboroughez,Hannis,Billborough,1906-03-09
pbrymhamf0,Penelopa,Brymham,1989-04-02
yrolstonef1,Yvon,Rolstone,1959-03-12
fmoatf2,Florie,Moat,1979-03-16
fgerbif3,Fancie,Gerbi,2007-10-20
mearlesf4,Mayor,Earles,2007-07-08
jmcsorleyf5,Joyann,McSorley,1940-02-27
ddumbrillf6,Donaugh,Dumbrill,1992-05-06
crenonf7,Cicely,Renon,1955-12-10
tsissef8,Towny,Sisse,2016-08-06
mtweedef9,Mignon,Tweede,1907-10-07
jbraniganfa,Jennine,Branigan,1976-11-29
wbaseyfb,Winthrop,Basey,1971-03-18
egatsbyfc,Emalee,Gatsby,2014-08-19
ctrillofd,Cherey,Trillo,1976-07-04
dgiacomife,Donn,Giacomi,1959-08-26
egookeff,Emera,Gooke,1979-10-19
jwincefg,Jacquie,Wince,1980-10-26
smarriotfh,Siana,Marriot,1937-03-03
emontezfi,Edmon,Montez,1993-01-07
yjuszczakfj,Yardley,Juszczak,1963-06-19
gtaguefk,Gwyneth,Tague,1927-04-19
raleksicfl,Rachel,Aleksic,1949-11-29
wmulreanfm,Wyatt,Mulrean,1972-09-09
skobelfn,Salomone,Kobel,1930-08-10
igrimsleyfo,Ilene,Grimsley,1930-05-06
fwenmanfp,Friedrick,Wenman,1972-09-05
ldantoniofq,Lev,D'Antonio,1947-05-23
fmacneillfr,Fayth,MacNeill,1990-01-13
achealfs,Arther,Cheal,2015-04-29
cscowcraftft,Carrie,Scowcraft,1961-10-18
kolivofu,Kira,Olivo,2003-11-22
ehuwsfv,Eamon,Huws,1955-12-27
cseckerfw,Clifford,Secker,1970-11-15
escholcroftfx,Enrica,Scholcroft,1971-03-28
jwoehlerfy,Julia,Woehler,1931-02-28
jdellcasafz,Jaye,Dell Casa,1914-09-21
mmathivong0,Myles,Mathivon,1983-07-15
wrappsg1,Wallis,Rapps,1907-05-04
gscorahg2,Gradeigh,Scorah,1908-07-25
gmarringtong3,Goldarina,Marrington,1964-09-03
hmaling4,Harmony,Malin,1934-06-30
kbeadleg5,Krishna,Beadle,1911-01-20
hgiacopinig6,Herrick,Giacopini,1968-07-30
emolang7,Eden,Molan,2004-05-15
jdailyg8,Jermayne,Daily,1917-08-23
strappg9,Samuel,Trapp,1987-05-04
cketchga,Constantino,Ketch,1903-05-11
iludlowgb,Ina,Ludlow,1915-07-18
jrochfordgc,Jard,Rochford,2018-11-01
cmillwardgd,Clem,Millward,1973-08-09
mscipseyge,Moss,Scipsey,1918-08-10
gmearsgf,Ginnifer,Mears,1980-11-19
tkarlsengg,Tallie,Karlsen,1925-08-04
cperottgh,Cherin,Perott,1906-04-09
kgladergi,Kimmi,Glader,1922-06-15
aasplengj,Aimee,Asplen,1940-09-28
vlerwellgk,Velma,Lerwell,1908-07-05
sleathegl,Sarajane,Leathe,1916-01-22
lmachelgm,Lavinie,Machel,1921-05-12
mnendickgn,Marlow,Nendick,2018-07-17
mmeadmorego,Mathian,Meadmore,1914-06-30
htomblesongp,Hildy,Tombleson,1936-05-16
nblabygq,Naoma,Blaby,1958-07-22
kmcwardgr,Kriste,McWard,1913-07-22
ctannergs,Cammie,Tanner,1966-04-07
tstoniergt,Tracy,Stonier,1945-01-16
bocarrangu,Bary,O'Carran,1974-07-20
lstichelgv,Lotte,Stichel,2017-06-09
jfarahargw,Jacki,Farahar,1908-07-27
ibetoniagx,Isahella,Betonia,2013-03-28
wgarriochgy,Weylin,Garrioch,1947-06-20
grozetgz,Giacomo,Rozet,1975-08-30
aduthyh0,Adrienne,Duthy,1918-07-09
jgillebrideh1,Juline,Gillebride,1948-11-15
csallnowh2,Carleton,Sallnow,2004-08-19
tcarreyetteh3,Terri-jo,Carreyette,1923-10-25
lboalerh4,Lorene,Boaler,1984-03-04
rmcbeathh5,Roda,McBeath,1977-04-12
tmattheish6,Tandi,Mattheis,1977-02-01
nperryh7,Noelyn,Perry,1973-01-29
cwinchcumh8,Costanza,Winchcum,1991-12-09
jhirtheh9,Jerrie,Hirthe,1934-06-02
slloydha,Stormie,Lloyd,1974-11-30
rharkesshb,Rayna,Harkess,1966-06-02
jmyrickhc,Jerrine,Myrick,1974-01-29
kblamirehd,Karrie,Blamire,1935-07-23
hmorfeyhe,Hube,Morfey,1939-09-01
ugoulthorphf,Uta,Goulthorp,1951-01-18
rfewlasshg,Ravi,Fewlass,1933-08-19
afarthinhh,Aili,Farthin,1940-11-07
asynnothi,Alvinia,Synnot,1959-08-06
hminchellhj,Helene,Minchell,1964-01-04
amcknishhk,Abbot,McKnish,1997-12-30
gcoulsenhl,Gladi,Coulsen,1979-01-19
aproskehm,Adolphe,Proske,1946-05-08
dwigglesworthhn,Deeanne,Wigglesworth,1912-01-27
semmerho,Shaun,Emmer,1986-05-02
fandrysiakhp,Felecia,Andrysiak,1901-02-14
zaddinallhq,Zora,Addinall,1912-12-11
ebattissonhr,Eudora,Battisson,1937-08-03
sgreerhs,Sydney,Greer,1956-10-12
bturfesht,Broddie,Turfes,1986-08-05
bbartoleynhu,Bowie,Bartoleyn,1954-04-22
rbayleshv,Ronalda,Bayles,1915-09-15
chaccletonhw,Cassandra,Haccleton,1952-02-01
ccastrohx,Caryn,Castro,1926-08-26
rplayfordhy,Ronny,Playford,1950-11-16
bfraserhz,Barbabas,Fraser,2016-02-05
cforringtoni0,Cris,Forrington,1987-07-26
eollerearnshawi1,Ely,Ollerearnshaw,1928-01-12
mpuddani2,Malorie,Puddan,1959-04-21
cpieterseni3,Cirillo,Pietersen,2001-07-17
mthomazini4,Mamie,Thomazin,1935-08-23
emattinglyi5,Enrica,Mattingly,1995-05-19
csantosi6,Conway,Santos,1981-08-06
cvalai7,Carce,Vala,1967-11-30
slelliotti8,Sheilah,Lelliott,1903-06-28
kelsipi9,Kingsly,Elsip,1977-09-28
emathissenia,Egor,Mathissen,1979-08-10
astampsib,Aimil,Stamps,2000-10-13
bormondic,Bernie,Ormond,1914-09-24
twoodingtonid,Thayne,Woodington,1982-04-28
bpleagerie,Baxy,Pleager,1914-08-20
chuftonif,Constantia,Hufton,2008-05-26
thanneig,Trixy,Hanne,2017-12-08
lgrigsbyih,Lila,Grigsby,1903-11-15
dlookerii,De,Looker,1983-07-14
tgristonij,Traci,Griston,1954-10-08
sparmbyik,Stafford,Parmby,1936-12-11
lblackledgeil,Lari,Blackledge,1993-06-15
bmccuaigim,Beatrix,McCuaig,2003-03-15
jsticklandin,Johan,Stickland,1935-11-28
psambellsio,Petra,Sambells,1912-05-01
hllorensip,Harlie,Llorens,2005-11-04
foeniq,Freddi,Oen,1963-02-27
ustoodaleir,Ulrica,Stoodale,1997-09-17
btrassleris,Bobbette,Trassler,1904-01-27
mburgonit,Mirabella,Burgon,2016-03-10
dpopoviu,Dennie,Popov,1927-05-07
cschlagtmansiv,Carlene,Schlagtmans,2010-02-01
fdelacosteiw,Fayre,Delacoste,1986-11-09
fhightonix,Francois,Highton,1949-12-23
fholmesiy,Felicia,holmes,1982-04-01
lalasdairiz,Laurence,Alasdair,2000-12-01
cflintj0,Cybill,Flint,1947-04-12
dnoellj1,Dana,Noell,1918-04-15
rdewhirstj2,Rosie,Dewhirst,1984-04-09
lwherryj3,Lethia,Wherry,1921-05-13
rdasparj4,Ricca,Daspar,1943-03-29
djarrittj5,Drusy,Jarritt,1965-06-13
jzarfatij6,Jerrylee,Zarfati,1906-11-29
gmossonj7,Gerrard,Mosson,1986-10-24
mchaffj8,Marabel,Chaff,1916-06-16
noffenerj9,Neron,Offener,2011-07-22
follandja,Forbes,Olland,1965-07-17
tpinwelljb,Tallulah,Pinwell,1955-11-30
sjuarezjc,Sashenka,Juarez,1936-06-25
ewollacottjd,Ema,Wollacott,1914-10-01
kdilnotje,Kinny,Dilnot,1916-04-03
gdaviesjf,Gerianna,Davies,1981-09-12
egoffejg,Enrica,Goffe,1974-01-05
zkohlerjh,Zorana,Kohler,1987-10-15
adreweji,Arnuad,Drewe,1909-12-31
tgilliejj,Thor,Gillie,1974-04-15
vknivetonjk,Valerye,Kniveton,1965-09-24
bbartheletjl,Bailie,Barthelet,1984-03-20
ctippettjm,Carola,Tippett,1918-02-03
ccoatsjn,Cassandre,Coats,1905-09-04
frollerjo,Ferrell,Roller,1928-12-23
mterronjp,Margery,Terron,1971-08-01
wgoldsmithjq,Wendell,Goldsmith,1913-02-21
mhuccabyjr,Mycah,Huccaby,2005-05-10
flaceyjs,Fee,Lacey,1910-01-01
bgreenanjt,Benetta,Greenan,1913-05-23
psyselandju,Peyton,Syseland,2005-04-08
yjigglejv,Yehudit,Jiggle,1919-08-28
jsugarmanjw,Jose,Sugarman,1959-09-02
imapstonjx,Inglebert,Mapston,1963-02-17
kleiboldjy,Kyle,Leibold,1988-07-05
adotsonjz,Alric,Dotson,2012-08-27
modeak0,Mendie,O'Dea,1949-01-13
mizakk1,Meggy,Izak,1948-06-20
gcoghlink2,Garth,Coghlin,1927-01-09
rhierrok3,Retha,Hierro,1917-04-03
sgowthropk4,Say,Gowthrop,1950-03-27
bcathrallk5,Bernetta,Cathrall,1996-06-26
gyakebovitchk6,Giselbert,Yakebovitch,1943-03-22
gcaygillk7,Gabriel,Caygill,1921-06-25
hbaynardk8,Humfrid,Baynard,1932-08-02
rbrittink9,Roddy,Brittin,1934-06-14
mstoadka,Morgun,Stoad,1997-12-25
nmcglonekb,Nikola,McGlone,2012-10-23
narmingerkc,Noelani,Arminger,2001-03-27
vmaingotkd,Virgie,Maingot,1962-02-15
dgibbenke,Dylan,Gibben,2018-08-23
klunbechkf,Kenny,Lunbech,1917-04-18
lmackainkg,Lowe,MacKain,1952-09-09
jmaccaheykh,Julee,MacCahey,1992-06-25
obousteadki,Orin,Boustead,1985-05-10
chindgekj,Christophe,Hindge,1981-03-02
ggrosierkk,Gerri,Grosier,1931-05-18
mdrohunkl,Mira,Drohun,1965-11-13
fgoodlifekm,Francklin,Goodlife,1930-02-28
ggomarkn,Georgena,Gomar,2003-11-21
kthomako,Klaus,Thoma,2010-06-14
jmaryonkp,Jessie,Maryon,1999-03-18
cmachanskq,Caralie,Machans,1916-08-23
dgeistkr,Durand,Geist,1928-06-21
bheinishks,Broderick,Heinish,1942-03-31
gfesbykt,Gunther,Fesby,1946-01-04
ksimmensku,Kiri,Simmens,1948-05-10
gdunseathkv,Garvy,Dunseath,1989-06-10
ddradeykw,Darda,Dradey,1978-12-13
mwarlawekx,Meg,Warlawe,1934-02-06
cneedsky,Cynthie,Needs,1941-10-17
cfritchleykz,Cortie,Fritchley,1956-01-31
tcalafatol0,Tuck,Calafato,1984-03-26
ssobeyl1,Sophi,Sobey,1904-03-22
wmatiasl2,Wright,Matias,1972-07-27
wbahial3,Wyatt,Bahia,2001-01-17
ostoylesl4,Odelinda,Stoyles,1969-12-30
rsuttonl5,Roxie,Sutton,1921-07-27
bdenseyl6,Bevin,Densey,1929-09-29
vsabenl7,Vida,Saben,1906-07-10
lstringfellowl8,Liv,Stringfellow,1936-04-05
dbeloel9,Darci,Beloe,1970-11-28
ldixla,Lenore,Dix,1924-08-19
aselbornelb,Arlin,Selborne,1908-10-16
jsavorylc,Jerrold,Savory,1902-01-10
chardinghamld,Carlynne,Hardingham,1951-10-02
jtwyfordle,Jenica,Twyford,1934-10-25
mscneiderlf,Mirilla,Scneider,1976-05-14
ibishelllg,Izak,Bishell,1921-07-08
etattoolh,Etheline,Tattoo,1925-09-25
ddarbenli,Derril,Darben,1950-01-13
lgrahlmanslj,Lothaire,Grahlmans,1944-10-18
pheninghamlk,Peadar,Heningham,1902-12-17
rstolbergll,Roselia,Stolberg,1951-05-31
jickeringilllm,Jojo,Ickeringill,1979-11-04
mnuddln,Maryrose,Nudd,1912-12-01
hcarnelllo,Halie,Carnell,1994-03-07
gkinneallylp,Gavin,Kinneally,1965-11-09
hjovislq,Huey,Jovis,1976-04-05
acoltonlr,Anne-corinne,Colton,1994-01-06
rhavelinels,Rhonda,Haveline,1935-08-22
ayoxenlt,Ashlan,Yoxen,1988-11-25
ccowmeadowlu,Cindie,Cowmeadow,1976-08-04
jpeacockelv,Jemima,Peacocke,1965-01-29
hswainsonlw,Hillyer,Swainson,1925-02-11
pselwynlx,Priscella,Selwyn,1954-07-01
dsperingly,Dean,Spering,1904-07-08
goldreylz,Gipsy,Oldrey,1966-04-20
msilversmidm0,Meredith,Silversmid,2002-10-29
agittosem1,Aidan,Gittose,1904-12-22
bmatyushkinm2,Ben,Matyushkin,1977-12-03
xdunkleym3,Xylina,Dunkley,1984-01-08
tpanyerm4,Temp,Panyer,1945-06-01
kreynam5,Katinka,Reyna,1962-06-01
amayellm6,Abramo,Mayell,1924-01-01
gtownsm7,Garrot,Towns,1966-04-05
sgossartm8,Stanleigh,Gossart,1949-12-30
fsargem9,Faydra,Sarge,1966-02-27
ypetersma,Ysabel,Peters,1906-03-27
cwaindmb,Carter,Waind,1975-03-26
isimakovmc,Ingmar,Simakov,1933-09-24
lserchwellmd,Lonnie,Serchwell,1954-10-27
ctenneyme,Carree,Tenney,1958-07-29
wgraalmansmf,Ward,Graalmans,2002-06-20
bdaftormg,Britney,Daftor,1977-01-13
bdurranmh,Bill,Durran,1935-11-16
lgarstangmi,Larry,Garstang,1996-07-30
ehuckelmj,Elmer,Huckel,1914-01-09
miacivellimk,Marve,Iacivelli,1980-10-25
etofflerml,Ezekiel,Toffler,1901-12-18
hvossmm,Hollie,Voss,1970-02-02
aboomesmn,Arlina,Boomes,1981-04-23
hcaromo,Heidie,Caro,1997-12-01
jpalferymp,Josephine,Palfery,1940-07-22
mgrouenmq,Madelyn,Grouen,1951-05-26
csteersmr,Creighton,Steers,2017-08-27
mpenninoms,Millard,Pennino,1923-11-19
matlaymt,Miner,Atlay,1978-06-04
eminigomu,Eugine,Minigo,1972-04-15
dbarnishmv,Douglas,Barnish,1920-10-22
btolchardmw,Bald,Tolchard,2018-06-29
nbrafieldmx,Neile,Brafield,1979-05-02
arappsmy,Ardyth,Rapps,1904-05-14
jnethercottmz,Jory,Nethercott,1949-03-04
dkelwayn0,Dolorita,Kelway,1997-01-26
jhundyn1,Janeen,Hundy,1908-01-01
lseabridgen2,Lovell,Seabridge,1963-08-01
lburboroughn3,Lorene,Burborough,1961-12-16
ceasterbyn4,Charlene,Easterby,2000-04-29
iferonetn5,Isobel,Feronet,1969-01-23
cdruryn6,Claudio,Drury,1968-04-22
pgromleyn7,Pippa,Gromley,2003-03-21
flundyn8,Ferd,Lundy,1995-10-01
kingreen9,Kordula,Ingree,1940-09-17
rswainsburyna,Raphael,Swainsbury,1962-11-23
mpooknb,Milka,Pook,1933-09-01
llentschnc,Levon,Lentsch,1997-01-26
fcatleynd,Francisco,Catley,1933-12-23
jmelanaphyne,Jodie,Melanaphy,1966-06-01
dobynf,Daile,Oby,1946-01-09
dlippattng,Danita,Lippatt,1991-03-02
cburrettnh,Catherine,Burrett,2012-05-15
clarmourni,Clarita,Larmour,1971-06-11
nloucanj,Nathan,Louca,1986-07-07
alightmannk,Annaliese,Lightman,2015-04-10
mheskinnl,Marcos,Heskin,1901-05-24
mdosdillnm,Minny,Dosdill,1934-11-28
abrundlenn,Anne-marie,Brundle,2000-02-11
bdanno,Blanche,Dan,1995-12-03
jcondictnp,Jobi,Condict,1961-08-06
lpeschmannnq,Lavinie,Peschmann,2000-01-01
fbeardsdalenr,Flory,Beardsdale,2000-12-15
gjacobssenns,Gwenneth,Jacobssen,1924-11-19
jdargavelnt,Julienne,Dargavel,1951-06-11
areyesnu,Alli,Reyes,1992-01-29
mraistonnv,Melinda,Raiston,2004-03-04
ckorpalnw,Constantino,Korpal,1935-10-16
dhayballnx,Donall,Hayball,1972-06-18
lvasilechkony,Lilli,Vasilechko,1978-08-29
fdegregorionz,Felic,De Gregorio,1975-11-25
aminigoo0,Alanna,Minigo,1918-02-28
sstowello1,Sigmund,Stowell,1922-11-19
wmacveigho2,Willamina,Macveigh,1957-10-11
hmcveightyo3,Haley,McVeighty,2010-12-02
qforsto4,Quinton,Forst,2011-06-04
gzanettio5,Gene,Zanetti,2004-09-04
wfryo6,Wanda,Fry,2007-12-26
mpetterseno7,Millard,Pettersen,1986-01-02
rcaldecourto8,Rutherford,Caldecourt,1992-12-13
cdecavilleo9,Cecelia,De Caville,1971-03-05
ahulmeoa,Abran,Hulme,1961-12-19
schavesob,Stafani,Chaves,2005-03-02
mdowsettoc,Marabel,Dowsett,2018-07-30
cblachfordod,Curry,Blachford,1946-11-23
amcgoonoe,Almire,McGoon,1938-07-04
mbanaszewskiof,Meredeth,Banaszewski,1984-01-05
cbudgenog,Creight,Budgen,1950-06-21
oborgarsoh,Onfroi,Borgars,2009-01-06
psolesoi,Patsy,Soles,1964-10-23
larkleoj,Lillis,Arkle,1989-03-04
ajoanok,Ana,Joan,1970-10-22
ttrobeol,Tine,Trobe,1901-08-31
ldobbsom,Levey,Dobbs,1933-11-06
ppinckneyon,Pippa,Pinckney,1956-09-21
mmockettoo,Maddy,Mockett,1924-10-22
bmcvaughop,Bridie,McVaugh,1998-07-15
fbortolozzioq,Foss,Bortolozzi,1902-05-12
tburneyor,Tanitansy,Burney,1980-01-24
wfancyos,Wenona,Fancy,1998-08-04
mwiddallot,Meggi,Widdall,1920-09-22
mianelliou,Mella,Ianelli,1901-11-19
bbosenworthov,Brear,Bosenworth,1902-01-21
srookwellow,Sanderson,Rookwell,1988-08-31
gdenneox,Gabriella,Denne,2002-04-04
tkeelingoy,Turner,Keeling,1936-03-08
jmcfauloz,Jasmine,Mc Faul,1963-11-10
rpaladinip0,Rick,Paladini,2017-07-21
cpickrellp1,Cymbre,Pickrell,1919-03-23
mbradberryp2,Myranda,Bradberry,1902-08-02
rtrunchionp3,Ruth,Trunchion,1976-05-06
agowdyp4,Addy,Gowdy,1922-10-17
krubinekp5,Kyla,Rubinek,1989-07-16
rcammackp6,Rosina,Cammack,1981-12-27
myoungmanp7,Malinde,Youngman,1920-11-11
cfabbrip8,Cornall,Fabbri,2013-05-02
bgallardp9,Blaire,Gallard,1966-02-09
mgawnepa,Mayne,Gawne,1933-08-18
rjaffraypb,Rozamond,Jaffray,2016-03-20
dmarielpc,Delly,Mariel,1909-10-08
afonepd,Ami,Fone,1930-03-24
wlickorishpe,Wayland,Lickorish,1930-03-25
pcrawshaypf,Phebe,Crawshay,1981-07-30
aluneypg,Anna-diane,Luney,1915-12-02
hdewiph,Hamish,Dewi,1960-03-19
ttonerpi,Tirrell,Toner,1991-09-03
tbutsonpj,Torr,Butson,1975-07-28
fgarriquepk,Federica,Garrique,1988-07-15
cquinetpl,Clarice,Quinet,1966-06-09
hsandespm,Hersch,Sandes,1982-07-09
psynnotpn,Prentiss,Synnot,1945-03-28
rmckintoshpo,Robby,McKintosh,1989-07-28
ocicchellipp,Odilia,Cicchelli,1958-02-23
alidingtonpq,Allie,Lidington,2010-05-31
tduguepr,Teddie,Dugue,1931-06-28
rfarninps,Rowena,Farnin,1998-11-03
tmcilwrickpt,Toddie,Mc Ilwrick,1921-04-28
dkeefepu,Del,Keefe,1938-09-06
gnapperpv,Garik,Napper,1929-08-17
fhumphersonpw,Francois,Humpherson,1991-05-02
mschulzepx,Misha,Schulze,1903-10-13
ceckhardpy,Camala,Eckhard,2014-05-31
dheinschkepz,Deidre,Heinschke,1912-03-29
wattwoulq0,Welbie,Attwoul,2011-06-16
cpattemoreq1,Charity,Pattemore,1974-04-09
ahulksq2,Alick,Hulks,2000-04-21
etrolleyq3,Ethelda,Trolley,1913-02-06
kpenhaleurackq4,Kippie,Penhaleurack,1924-11-05
oportigallq5,Opalina,Portigall,1932-11-04
csadryq6,Cam,Sadry,1999-01-23
xpennoneq7,Ximenes,Pennone,1997-03-09
vearpeq8,Vivianne,Earpe,1960-02-24
gpaudinq9,Gaspard,Paudin,1962-09-22
kwhitelockqa,Katharina,Whitelock,1968-12-19
egoshawkeqb,Elinore,Goshawke,1969-12-18
ulomanseyqc,Ula,Lomansey,1959-09-13
ptanfieldqd,Preston,Tanfield,1939-12-16
agraveyqe,Adolphus,Gravey,1965-09-07
mcrownqf,Mollie,Crown,1907-11-08
rmattingsonqg,Roseanne,Mattingson,1927-08-04
thendrickxqh,Tybi,Hendrickx,1955-08-15
cnerhenyqi,Christian,Nerheny,1945-10-24
mchedgeyqj,Minni,Chedgey,2007-08-14
jcansfieldqk,Jsandye,Cansfield,1945-01-21
tkaineql,Thatch,Kaine,1905-03-31
aantillqm,Ave,Antill,1946-04-24
emacalasterqn,Estella,MacAlaster,1990-09-16
dposnerqo,Dalt,Posner,1932-02-21
mlingerqp,Maxie,Linger,1941-10-18
rwhitelockqq,Roderigo,Whitelock,1936-04-24
rkopischqr,Rorke,Kopisch,1944-03-15
csimpkinqs,Cooper,Simpkin,2002-12-09
acrowleyqt,Aldin,Crowley,2007-11-28
esennqu,Erinna,Senn,1982-02-13
rpettingillqv,Reina,Pettingill,1949-06-08
lespinozaqw,Leland,Espinoza,1953-04-11
eyoxenqx,Ethyl,Yoxen,1949-07-07
aspratleyqy,Alon,Spratley,2011-06-22
ajecockqz,Andris,Jecock,1979-10-18
wsleggr0,Wilmette,Slegg,1932-04-08
ykarpychevr1,Ysabel,Karpychev,1925-06-07
bedgelerr2,Bell,Edgeler,1975-01-18
aorrr3,Ariana,Orr,2006-11-16
pplaitr4,Pip,Plait,2018-10-26
zbartletr5,Zola,Bartlet,1920-10-09
hvardier6,Haily,Vardie,1987-09-02
amotionr7,Adelind,Motion,1988-05-12
lshimminr8,Leonid,Shimmin,1954-09-04
bdejuaresr9,Bucky,de Juares,1912-10-09
mrylandsra,Moore,Rylands,1903-01-15
csollettrb,Conchita,Sollett,1937-10-23
sraffrc,Sabrina,Raff,1959-07-06
smitchelhillrd,Salvidor,Mitchelhill,1959-12-05
bscynerre,Bobbie,Scyner,1903-12-01
vattowrf,Virgina,Attow,1956-08-01
jwollrauchrg,Jamaal,Wollrauch,1962-06-08
knewhamrh,Kania,Newham,1926-05-31
aohallihaneri,Adams,O'Hallihane,1978-08-09
ilutonrj,Isac,Luton,1984-04-06
kdraggerk,Kissiah,Dragge,1924-05-17
rcolebeckrl,Rouvin,Colebeck,1956-05-12
rrutledgerm,Riva,Rutledge,1913-02-24
kchitteyrn,Kippar,Chittey,1972-04-24
cfosbraeyro,Clemmie,Fosbraey,1955-05-02
aadolfsenrp,Aloin,Adolfsen,2013-09-28
happletonrq,Heloise,Appleton,1938-10-05
emacerr,Earl,Mace,1995-09-23
