tribulation,1985-5-2
somite,1971-6-13
tricycles,1958-8-4
greyly,1980-2-22
bathometer,1906-4-12
edifices,1987-9-28
birch,1974-9-19
ruin,1962-12-1
cohering,1985-5-10
plonk,1901-11-8
formerly,1991-5-1
scalene,1969-12-24
mylohyoids,2007-5-12
subordinal,1943-7-12
humidify,1945-8-17
swanks,1935-1-7
vaccinator,2005-5-28
flush,2000-5-1
croups,1937-7-10
latterly,1908-8-8
slackly,1909-7-14
peltate,1982-2-7
scoriaceous,1924-4-16
paralyser,1966-7-13
boar,1916-12-28
guars,1975-9-4
distyle,1961-2-24
numberless,1980-1-9
baulk,1972-11-1
albumenise,1989-3-11
littery,1922-8-5
phylloid,1906-3-11
myrobalan,1954-10-1
subacid,1944-5-3
premier,1996-7-13
less,1929-4-25
asp,1977-4-22
rancorously,1942-5-18
ionomers,1954-6-20
elevons,2003-10-22
tortuous,1939-12-22
over,1986-11-4
slaughterously,1949-4-24
aggressor,1917-12-21
embodies,2000-8-31
whorled,1938-3-3
immolates,1932-7-25
disburdens,1926-11-10
unprofessed,1936-8-2
muggier,1992-9-7
relaxant,1941-12-11
reimposes,1942-11-11
warmly,2007-9-1
slicers,2005-10-14
handout,1940-9-14
somniferous,1908-11-23
tum,1904-12-11
limnologist,1995-2-13
enjoyably,1983-3-18
eaten,1961-3-19
scrawls,2004-7-8
sips,1971-2-21
definitive,1979-7-19
paletots,1976-4-6
razzia,1916-1-22
fairly,1927-6-3
swarf,1906-3-11
baps,2007-3-5
impossible,1904-12-20
grope,1991-6-24
laxly,1995-1-14
theogony,1971-8-24
spine,1910-8-29
aimlessly,1946-1-30
dern,1943-4-19
whereto,1905-6-22
casualty,1944-7-14
tingliest,1935-4-3
subbing,1916-2-6
mim,1972-11-29
whirrs,1907-9-4
publicises,1985-6-14
canvas,1909-10-5
casemated,1969-8-7
smatteringly,1941-4-26
highlands,1978-8-28
otoliths,1977-2-1
muddily,1961-10-16
hairstyles,1967-7-23
tetanised,1978-4-25
zabaglione,1911-2-28
almost,1992-1-28
plumes,1981-12-21
forte,1936-5-15
prolixities,1958-6-24
inanely,1900-11-11
compromises,1967-1-3
doff,1963-11-24
jowls,1994-6-3
bloodhounds,1975-4-16
untameable,1938-4-29
logistic,1922-12-23
scrappily,1909-5-6
straw,1927-5-9
saxicoline,1994-7-24
prefatory,1994-11-8
misprises,1988-11-8
thigh,1917-5-24
sandblasters,1996-1-23
farci,1966-8-4
shifts,1908-1-16
grieve,1971-4-7
damned,2000-8-1
breezy,1912-8-24
backgrounds,1948-9-3
apace,1927-10-11
worst,2000-2-9
crusading,1962-3-2
dowelling,1983-9-11
fraught,1930-4-22
limpingly,1973-2-13
torn,1926-11-23
cataloes,1917-7-7
why,1935-8-5
barefoot,1911-2-9
turdine,2010-12-30
ignorantly,1944-11-22
fustian,1927-2-25
calipers,1915-2-11
hornbeam,1958-3-6
lest,1938-6-22
tachygraphists,1948-11-7
nonsuit,1977-7-11
afield,1987-11-30
outright,1934-3-10
groutier,1915-7-3
outjutting,2008-7-15
pasteurism,1901-9-22
blamed,1954-2-25
furcate,1912-8-6
mooned,1920-11-21
teen,1950-9-2
repellant,2004-10-14
maculates,1915-6-26
downstairs,1926-11-16
drape,1954-8-18
socializes,1954-3-9
unshroud,1998-8-20
coursed,1927-9-3
thwart,1992-1-6
ratably,1976-1-23
tessellates,1934-10-30
disobliging,1981-7-5
blae,1901-12-2
severs,1997-10-13
anon,1950-4-30
unmasks,1988-4-7
tellin,1938-12-13
teamers,1971-4-7
lecherously,1958-6-5
pluvial,1993-6-9
pickeers,1903-2-20
altissimo,1947-10-16
lasagnes,1957-12-17
innkeepers,1955-8-16
queys,1921-9-22
stiff,1907-1-9
tentiest,1965-8-16
flush,1993-12-9
cruets,1992-10-20
crazed,1954-9-25
voile,1928-3-4
indicates,1915-1-9
aunes,1922-12-11
lazier,1996-1-28
siting,2003-11-25
dreamingly,1960-7-21
flowerages,1994-5-20
mucronate,1993-5-15
gluttonizing,1955-12-14
sheer,1968-6-5
tough,1970-6-8
capillaceous,1988-10-6
vite,1970-5-3
pally,1969-12-27
steadfastly,1918-2-17
cathead,1925-4-1
cotinga,1956-9-18
unreproaching,1990-1-9
recapturing,1963-4-11
disappointments,1965-10-19
broody,1997-5-18
overcrop,1929-5-15
contemplator,1987-6-6
sprint,1935-10-12
prop,1956-11-25
unfaithfully,2007-5-7
delightsome,1933-7-8
truthless,1989-9-30
alow,1987-6-15
baseness,1937-5-22
malapropos,1941-1-15
certain,1961-4-23
disabuses,1980-9-17
heartily,1902-7-23
chock,1925-2-8
rushing,1986-10-12
shy,1987-11-22
actually,1902-10-31
pinion,1953-10-16
bareknuckle,1928-8-29
lit,1931-5-6
partly,1945-5-8
soon,2000-6-25
sideways,1908-3-19
cinchonises,1917-8-28
colcothar,2007-12-26
ton,1941-3-30
inhumanly,1970-9-27
eighth,1958-5-1
divisively,1997-12-19
dautie,1956-5-22
bufotenine,1914-3-31
eligibly,1927-5-18
brainlessly,1993-5-25
analogous,1943-9-30
thereinto,1917-8-8
unsashed,1932-6-7
consolingly,1983-11-12
eatable,1939-5-9
chaff,1949-6-24
affective,1996-3-28
foul,1947-7-23
toponymic,1981-6-27
phanerogam,1975-7-14
supra,1956-8-9
shapely,1914-7-4
stulls,1903-5-18
mentally,2000-9-16
agone,1940-2-28
dunghill,1904-12-4
solubilize,2009-12-5
cruzados,1909-8-21
loams,1987-7-11
ionises,1967-10-5
cogging,1950-4-20
earnestly,1976-6-7
shiny,1980-10-9
schorl,1980-11-11
clownishly,2006-3-27
commercialise,1963-6-8
languishingly,1943-3-10
cheap,2009-6-21
portliest,1962-5-19
shirts,1925-8-22
negatively,1959-10-9
worse,1961-11-25
thinkingly,1928-2-12
carbonated,1949-12-10
passed,1908-1-21
flagellated,1940-8-6
terrorizer,2008-7-13
decennary,1991-5-5
frighteningly,2002-1-7
hesitating,1976-12-12
miff,1919-8-12
tight,1976-10-14
psychotropic,1943-4-22
lamination,1934-7-22
coarse,1924-10-13
component,1941-5-8
sheer,1935-12-30
carnage,1982-10-29
dang,1942-5-2
gey,1999-10-17
transpiration,2002-8-11
petrogram,1947-2-11
retied,2006-6-1
attractively,1967-11-2
skirls,1921-2-3
cutely,1979-9-16
brutalizes,1996-8-12
diversely,1907-8-12
anes,1993-1-2
mopiest,2006-6-24
gee,1991-4-16
ulcerate,1958-2-17
precaution,1972-2-24
calibrating,1934-12-6
serially,1980-2-26
reposefully,1973-10-19
shears,1950-4-22
windier,1987-12-21
isoclinals,1922-11-14
sternwards,1939-3-28
tallith,1905-11-19
coelomate,1994-9-8
distinctly,1911-7-19
traditores,1977-12-14
dooms,1909-8-13
ninth,1953-11-7
eructating,1965-6-11
unblemished,1973-9-4
dearly,1934-8-9
somnambulant,1956-2-1
tref,1908-4-15
upwards,2006-5-2
potently,2009-5-18
togues,1984-10-4
foggy,1905-1-2
paneled,1902-1-9
restlessly,1945-9-22
extraneous,1918-2-15
pocks,1981-9-19
sawings,1925-6-17
commutating,1960-6-29
spilikins,2006-4-17
slaws,1904-5-18
dashed,1985-9-19
sourly,1958-8-14
squeakingly,1966-12-27
kitsch,1908-5-21
thenceforth,1984-4-7
bluet,1947-1-13
forerunning,2009-3-21
thwart,1951-12-26
speculator,1949-8-22
jees,1940-4-15
faceting,1931-4-13
aft,1914-5-22
absorptive,1978-3-20
ankylosaur,1920-12-24
tranquilized,1921-10-17
suffocating,1913-11-2
unreflected,1923-12-3
stalwartly,1904-5-3
flap,1959-8-6
nary,2005-2-12
pleasingly,1985-12-5
thump,1975-7-25
like,1982-9-29
granulating,1930-3-11
slews,2004-7-11
depletory,1930-10-9
longwise,1927-12-25
alone,1998-12-20
isogamy,1988-11-2
scruffier,1905-8-24
thin,1903-5-6
headworkers,1973-6-3
stoops,1947-1-23
raggedy,1917-2-9
burred,2005-10-19
actually,1958-6-30
nittiest,1974-4-24
inadvertent,1948-9-6
federalised,1946-2-20
crevasses,1977-7-29
cannier,1909-5-15
matchbook,1907-4-22
improvement,1962-6-5
vibraharp,1907-6-21
bails,1909-10-23
gleeman,1925-10-2
tremolant,1910-10-17
unbonneted,1902-2-8
quaintly,1996-5-16
forehand,1932-1-3
circumspective,1937-5-15
homier,1941-6-10
curtly,1966-7-14
provolones,1918-2-21
insolubly,1933-8-1
beneficed,1920-4-25
pedestal,1981-8-22
rezone,1986-8-10
sites,1963-3-28
poops,1945-3-9
damply,1975-1-26
abbacy,1998-12-30
privatively,1966-12-23
phagedena,2002-12-26
gutturalise,1918-4-2
punctuator,1966-8-18
sociably,1956-2-11
sixfold,1936-8-13
riposte,1998-7-22
nonclassified,1941-7-27
triphthongal,1963-11-25
closer,1938-9-10
subcelestial,1940-5-15
monitorship,1948-12-1
inchmeal,2010-10-10
interrelates,1900-8-25
robustiously,1913-11-2
antecedent,1982-6-25
now,1958-1-30
indelible,1981-4-24
rung,1957-2-13
notedly,2003-2-23
kittens,1934-4-29
adducing,1921-6-25
eglantine,1904-2-20
skeigh,1910-8-4
politicise,1969-1-16
discolor,1938-3-23
darn,1967-3-2
squirting,1904-2-24
redetermined,1985-9-7
plops,1913-10-31
dryer,1948-9-19
yaffs,1966-12-5
completes,1904-3-30
titters,1986-9-17
aught,1945-8-4
seises,1906-7-27
sanjak,1960-6-17
pantomimes,1980-8-15
mannerly,2005-1-21
cark,1970-3-3
moderato,1958-10-26
sear,1939-1-16
faerie,1903-6-30
orographic,2000-4-22
disharmonize,1916-9-17
scantly,1932-8-2
corroborates,1961-1-9
aft,1929-3-11
predictable,1906-6-16
toe,1904-9-25
novelizes,1958-11-13
soon,1900-4-23
rife,1924-1-25
ascendent,1991-4-30
shoal,1951-7-24
langued,1967-3-15
veraciously,1988-11-30
sold,1942-7-16
freewheels,1921-3-17
handwork,1929-2-25
ringingly,2009-10-1
waders,1974-5-2
torn,1996-5-15
burnishes,1977-12-7
disturbances,1922-8-29
detours,1903-8-3
soliloquize,1997-5-21
kalis,1995-12-16
venomous,2006-12-16
versifying,1904-5-25
doabs,1902-2-3
interlink,1917-5-23
metho,1948-2-14
emanate,1928-3-30
upstairs,2005-4-18
dup,1904-2-14
ectozoon,1941-2-24
dynamotors,1969-1-9
expatiates,1914-7-4
cronk,1938-8-30
crankily,2002-2-9
synoptic,2009-2-25
delightedly,1934-9-17
lacy,1972-5-3
help,1984-8-30
darned,1927-3-25
inceptive,1974-3-26
clauses,1947-5-1
horsiness,1923-10-26
wherein,2006-12-15
modify,1902-12-10
dikes,1998-6-26
soviets,1946-4-10
mouflon,1961-4-29
agnostic,1956-5-30
how,1987-11-28
sort,2001-1-2
egotistic,1931-3-30
milkily,1910-9-15
demijohns,1960-10-10
unextreme,1998-1-29
signalising,1973-2-14
faulty,1939-12-7
oppugn,1945-11-13
fearfully,1913-9-28
refuses,1916-2-18
inborn,1981-10-13
slunk,1965-10-6
mollie,1939-4-19
parcel,1902-1-27
heads,1906-8-16
next,1968-9-22
chairs,1977-5-11
complicity,1902-2-10
raised,1996-11-28
interceders,1930-8-26
thematic,1913-6-5
fleetly,1905-11-12
stalked,1935-12-19
shines,1991-9-12
syne,1921-12-15
anytime,1998-7-7
saltiers,1913-6-5
peduncle,1957-5-28
whiles,1995-4-13
surely,1909-12-15
thousandfold,1920-10-28
misteaches,1961-6-3
deriding,1962-2-7
pulsate,1902-3-20
instructions,1998-3-12
resolvedness,1993-3-14
brattices,1917-6-4
decrescendo,1915-7-19
dithyrambic,1999-8-22
won,1952-3-25
woads,1956-2-9
genuflect,1985-1-7
interspatial,1920-3-26
razing,1960-9-4
vain,1970-6-15
nitration,1997-6-27
keyed,1969-9-7
watchstraps,1990-7-9
laggin,1976-6-19
doubtfully,2002-3-21
deprecated,1937-8-30
tost,1951-7-11
mensal,1944-9-14
fames,1948-8-19
chock,1954-10-4
acanthine,1975-9-1
infectors,1952-11-28
yare,1912-11-14
aromatised,1953-5-6
sadden,1902-11-8
valorously,1924-10-13
recurrently,1954-3-1
flightiest,1956-12-10
fillips,1985-1-3
monorhyme,1963-8-4
choicely,1970-4-2
unimposing,1905-10-24
minimally,1981-11-30
pronely,1993-7-9
bis,1915-4-15
kin,1987-10-30
tenth,1906-5-22
invocate,1931-11-24
skiatron,1958-12-26
dilatation,1997-12-12
barb,1915-8-13
sly,1913-10-10
intumesced,1903-12-12
blae,1977-10-2
placards,1988-10-16
else,1964-5-27
blepharitis,2003-6-2
arrogate,1949-11-28
baldly,1910-5-14
explosion,1932-8-24
tastily,1936-12-7
subarea,1928-7-17
excision,1957-7-9
modulated,1983-6-2
tonight,1979-8-9
lituus,1970-10-24
unbarricade,1954-9-21
disproved,1907-7-15
veiled,2004-12-11
sought,1949-4-6
lief,1943-6-11
conferva,2006-9-20
glary,1948-7-24
everyday,1976-8-29
propagandise,1953-5-19
touse,1991-8-5
closers,1957-2-4
outmoves,1996-6-17
compiled,1956-10-25
botches,1934-11-10
disfiguring,1954-3-4
razing,1975-1-19
homier,1997-12-6
apexes,1972-1-26
rascally,1977-5-9
unshackles,1924-6-10
amortize,1964-3-1
gauchely,1998-8-19
ventriloquised,1978-4-10
model,1913-2-6
reptiles,1934-1-1
perkier,1955-1-2
atomy,1932-6-10
subjugated,1914-12-30
cracks,1958-9-28
swage,1927-2-28
assumingly,1904-6-22
ethylated,1918-2-25
transmittals,1941-2-24
crumps,1915-11-1
widens,1960-8-27
subaffluent,1992-3-11
retransfers,1957-1-11
gratulated,1998-2-11
jasey,1977-2-18
less,2000-9-25
conidial,1969-2-10
impeccancy,1932-5-9
dice,1939-2-20
assembled,1928-8-13
overreaches,1996-10-31
wist,1926-7-20
sundress,1951-1-12
damnable,1930-4-4
admeasured,1968-11-9
behaves,1957-7-24
trait,1971-1-30
millrun,1988-9-1
headlong,1943-6-8
archaistic,1956-11-22
shaped,1943-3-31
faint,2009-12-18
prise,1964-12-16
harbors,1934-11-19
insolent,1973-5-24
tearfully,1975-4-24
limeade,1968-4-20
worldling,1916-7-14
yore,1967-9-17
uppercuts,1926-9-2
verily,1944-10-11
nope,1998-4-18
guidon,1945-4-13
exscind,2002-11-12
passim,1954-11-12
flue,1917-7-26
hurtlessly,1976-12-23
qualifies,1928-9-16
sere,1909-12-19
optimistic,1929-10-9
otiose,2007-4-17
barefoot,1991-4-16
vaults,1998-11-18
ghast,2008-2-23
beige,1900-8-22
zonked,1976-8-28
ord,1955-10-14
sectionally,2008-9-11
additively,1910-4-15
jeeringly,1923-6-18
bead,1972-11-2
beltings,1930-12-23
liberation,1968-12-25
ayes,2003-4-27
heigh,1983-10-1
embouchures,1914-7-26
muscatels,1956-11-11
mastication,1903-12-19
doubtingly,1943-12-8
subvocal,1924-6-8
rightward,1926-4-23
pokeberry,1916-6-12
blandly,1976-1-27
hereon,1903-8-16
duplet,1970-9-17
inflammably,1998-11-24
akee,1994-2-24
rustic,1982-10-26
askance,1976-6-11
scrimps,1932-9-21
predefined,1913-6-5
well,1917-11-11
collectorships,2006-5-30
week,1989-2-26
yes,1909-10-24
unallotted,1931-3-21
philosophise,1947-12-19
pricy,1994-7-7
poussettes,1911-7-22
jawbreakers,1989-11-26
megacity,1987-3-7
realise,1998-9-23
nomism,1908-5-3
fogless,1952-7-8
unlaid,1964-8-5
cerements,1962-10-30
swear,1903-2-22
gey,1901-4-1
laigh,1978-1-23
adsorbent,1939-7-13
nit,1927-6-8
pokily,1936-1-19
technically,1904-4-10
decoded,1990-2-8
simulate,1982-7-23
grum,1903-6-1
composes,1945-1-15
fat,1940-3-8
abators,1949-6-7
northwards,1940-5-4
tunably,1905-6-22
squeegee,1911-3-4
synoptistic,1943-11-14
existences,1931-6-19
highest,1927-8-11
splay,1927-5-9
somehow,1979-3-1
finings,1927-7-2
rompingly,1998-2-25
chute,1910-1-7
predefines,1941-9-18
disseminate,1991-5-19
goddamn,1909-4-19
creneled,1962-1-15
sallow,1969-11-27
scrum,1941-10-6
caliphs,1905-12-6
hazardously,1989-10-19
glowingly,1905-6-13
thereunder,1918-11-7
lone,2005-8-2
unbeautiful,1951-6-2
represent,1941-11-25
drubs,2003-8-15
scrimp,1949-12-11
deceitful,1940-8-9
turgently,1954-2-21
elegized,1974-12-3
hamate,2007-10-29
consumes,2008-9-1
whapping,1945-12-3
dreich,2006-2-7
reprieve,1921-11-23
muckle,1991-6-16
stereograms,2010-11-12
bang,1944-1-9
hoop,1905-7-24
equally,1965-4-13
tincture,1999-6-9
qualmishly,1992-9-10
indeed,1940-10-15
puir,1977-1-31
apparelling,1978-10-31
outbarred,1946-11-16
therein,1998-10-19
jole,1974-5-29
macadamise,1968-10-20
platypus,1981-5-13
carolling,1940-11-14
flagging,1948-12-11
revisional,1995-10-21
amethystine,1957-10-18
steal,1988-9-25
gey,1935-9-11
rots,1985-1-22
arrantly,1972-3-26
advertently,1927-4-2
manducates,1969-1-8
unsworn,1932-5-11
limy,1966-11-3
stellarator,1976-5-24
thirsts,2000-2-16
counterclockwise,1923-10-4
guess,1932-5-16
grimaces,1972-9-15
well,1925-10-21
hotfoot,1956-6-9
fecundate,1927-5-17
ameliorating,2010-9-30
holotypic,1919-5-11
silhouettes,1960-5-23
intussuscept,1948-3-22
wile,1978-3-18
subsoils,1946-2-18
dilettante,2008-10-1
aegrotats,1907-6-25
gyve,1987-9-26
upstate,2008-1-28
animate,1976-11-10
umber,1944-2-23
gibbet,1956-8-7
saliently,1960-3-9
ithyphallic,1905-6-16
transcendent,1927-10-10
fumed,1975-10-5
serval,1958-11-4
speak,1934-7-9
foiled,1986-8-10
helpfully,1970-12-29
staurolitic,1973-4-23
improvable,1903-9-7
queasier,1986-2-2
unassisted,1908-2-5
sulks,1941-12-16
removably,1975-4-14
tropophytes,1942-6-29
intradermal,1916-5-9
blends,1918-1-10
pacifying,2007-5-14
jubilant,1905-7-9
featherless,1912-10-7
infuscate,1988-10-28
dancettes,1952-4-25
situla,1943-1-14
drily,1977-10-6
metal,1903-11-13
blamefully,1961-11-18
tough,2000-5-21
sieve,2008-5-4
apprenticehood,1907-4-17
deservedly,1996-10-5
furiously,1983-11-25
proud,1918-11-21
remeasured,1918-6-2
dern,1972-1-11
corked,1929-7-19
wit,2006-3-5
unmanacled,2004-7-16
boughten,1981-1-24
moats,1991-11-11
butterine,1922-2-21
entreatments,1936-2-10
infamizes,1909-10-16
ulcerously,1914-8-3
swiftly,1989-8-12
philologers,1920-12-16
bivouac,1907-5-3
stoles,1913-8-25
itches,1957-1-3
kept,1917-4-19
yean,2007-6-14
filagree,1906-5-31
subbing,1992-8-10
laiks,1924-7-3
cinque,1942-4-22
gummier,1956-5-18
droll,1904-2-6
posh,1990-1-24
loams,1938-6-28
analeptic,1926-9-10
smack,1941-4-20
since,1993-2-2
snag,1967-4-28
inconstantly,1935-3-3
refuse,1972-5-20
beaded,1977-4-20
stoush,1933-10-27
brutalizing,1990-9-15
unadjusted,2004-1-4
sparlings,1915-6-17
demodulate,1981-12-7
drolly,1902-4-25
gently,1902-2-4
decarbonise,1983-7-11
coastwise,1942-11-6
gluttonising,2006-1-20
clench,1986-3-19
serenades,1930-2-6
incog,1901-7-14
inhumanely,1986-8-31
skulk,1997-11-5
trundlers,2003-12-13
evermore,1971-10-21
shoreward,1914-9-27
aboard,1910-12-4
suburbanised,1978-8-8
demurs,2003-7-23
picked,1964-7-28
unsuccessive,1943-6-12
eternally,1919-5-1
ghostliest,1990-12-16
consociate,1905-3-3
ago,1966-1-17
refaces,1917-1-27
once,1986-10-8
foul,1925-12-31
botanising,1907-11-14
dockside,1960-1-12
mighty,1916-1-31
tenth,2006-6-22
mongrelly,2000-2-11
disputes,2004-1-12
pokies,2002-2-5
atilt,1996-3-28
diluting,1969-12-22
jalapic,2004-11-17
bail,1948-10-14
tors,1963-10-3
skellies,1914-1-21
rapscallions,1926-4-24
hugely,1969-7-16
listlessly,1957-10-13
grinning,1958-5-7
schnaps,2001-4-2
dowf,1978-2-18
circumventive,1918-9-12
boned,1932-4-30
transisthmian,1963-6-21
devisees,1980-8-21
scart,2008-10-20
nay,1948-11-21
anyplace,1908-11-29
sexist,1902-2-3
stutter,1960-1-17
alway,1905-1-11
overspills,1925-3-14
typecasts,1983-1-12
pistachios,1989-10-6
another,1924-7-30
impetrative,1962-2-18
cormels,2007-4-15
cairns,1914-6-20
aerophobic,1916-6-4
overhear,1902-3-25
positively,2000-7-16
nonsuit,1979-9-2
shunts,1908-11-29
pratincoles,1927-7-12
credulously,1941-8-4
chiselled,1981-4-30
super,1926-6-17
pinfish,1993-4-8
nodose,1958-5-10
spinnaker,2004-6-9
dermatophytes,1909-7-21
entitlement,1988-3-4
boulevardiers,1955-1-2
erstwhile,1981-10-11
leanly,1940-8-27
faveolate,1974-5-29
cystoscopy,1941-10-10
misdemeanors,1913-11-22
austere,1995-9-1
mindfully,1968-6-19
lamely,1972-5-17
reeve,1980-10-13
slothful,1996-1-2
nattier,1928-7-21
terrace,1941-1-4
brachiate,1910-11-30
undrooping,1982-6-11
combinable,1972-3-26
canny,1922-6-4
fatuously,1968-6-30
oft,1901-4-4
jubilates,1937-5-13
abeam,1934-7-19
striped,1923-3-5
dread,2007-4-25
extradited,1999-8-15
plasticizes,2004-7-30
fiftieth,1930-7-9
centralizing,1988-3-7
heathenizes,1965-3-3
scant,1993-8-10
keratinous,1969-1-16
librated,1947-5-14
professorships,1905-3-13
poignant,1903-2-23
teacherless,1960-7-19
aestivated,1989-4-5
nigh,2008-6-3
forgetfully,1956-2-17
qibla,1902-2-4
heliostats,1949-6-8
lout,1966-10-30
intriguingly,1907-4-12
douches,1995-11-18
skeigh,1909-4-24
caracolling,1999-2-21
sore,1906-11-10
nidifying,1933-10-8
laxly,1909-5-25
panelists,1925-11-6
cupric,2000-4-10
plunders,1920-5-2
dure,1998-7-28
darken,1981-11-4
reddest,1987-12-24
dementedly,1994-8-17
argumentum,1954-2-26
solarizing,1967-11-21
shorts,1966-9-5
slant,1961-1-2
bestridden,1995-9-17
sheave,1922-7-6
disappoint,1928-10-22
specifier,1969-10-7
ruthfully,1989-10-25
decreasing,1948-1-23
impossibly,2004-9-17
venally,1900-6-6
wit,1979-4-16
cuddle,1911-1-11
ersatz,1991-1-31
simulcasts,1990-11-9
none,1903-7-20
antagonise,2008-10-29
carse,1931-7-8
